<?xml version="1.0" encoding="UTF-8" standalone="yes"?>

<addon id="plugin.program.ipapi" name="IP API" version="1.7.5" provider-name="Delphae">

  <requires>

    <import addon="xbmc.python" version="2.1.0"/>

  </requires>

  <extension point="xbmc.python.pluginsource" library="default.py">

        <provides>executable</provides>

  </extension>

  <extension point="xbmc.addon.metadata">

    <summary lang="en">Display OpenVPN information</summary>

    <description lang="en"></description>

    <platform>all</platform>

  </extension>

</addon>

